sequences,scores,counts,iteration_first_appeared
SHHVKVIKCRSAVLIEEKKKLSISVVEVKAIKSHEFRIKMVATGICRSEHHVVSGTVVTPLPSIAGHEAAGIVESIGEGVTTVRPGDKVIPCWTPQCGKCRVCKHPKGNVCLKNDLNIPAWTMADGTSRFICRGKPIHHFEYTSTFSQYPVCSEISVAKPIAMSPPEKVCLITCGFSTGYGSAVKVAKVGQKSTCAVFGLGGVGLSVIMGCKAAGAARIIGVDINKDKFAKAKEYGAVECFNPQDYEKQTQEVLTEMSRGGVDLSFEVIGRLDTMNTALSMIQKAYGVSVIVGVPPFFQNLHMNPMLLLSGRTWHGAIHGGEKFKDSVPKLVFDAMAKKFALDPLPTHELPFEKINEGFDLLRSGKSIRTILTF,5.9338,1,57
SHHVKVIKCRSAVLIEEKKPLSISVVEVKAIKSHEFRIKMVATGICRSEHHVVSGTVVTPLPSIAGHEAAGIVESIGEGVTTVRPGDKVIPCWTPQCGKCRVCKHPKGNVCLKNDLNIPAWTMADGTSRFICRGKPIHHFEYTSTFSQYPVCSEISVAKPIAMSPPEKVCLITCGFSTGYGSAVKVAKVGQKSTCAVFGLGGVGLSVIMGCKAAGAARIIGVDINKDKFAKAKEYGAVECFNPQDYEKQTQEVLTEMSRGGVDLSFEVIGRLDTMNTALSMIQKAYGVSVIVGVPPFFQNLHMNPMLLLSGRTWHGAIHGGEKFKDSVPKLVFDAMAKKFALDPLPTHELPFEKINEGFDLLRSGKSIRTILTF,5.9338,1,56
SHPVKVIKCRSAVLIEEKKKLSISVVEVKAIKSHEFRIKMVATGICRSEHHVVSGTVVTPLPSIAGHEAAGIVESIGEGVTTVRPGDKVIPCWTPQCGKCRVCNHPKGNVCLKNDLNIPAWTMADGTSRFICRGKPIHHFEYTSTFSQYPVCSEISVAKPIAMSPPEKVCLITCGFSTGYGSAVKVAKVGQKSTCAVFGLGGVGLSVIMGCKAAGAARIIGVDINKDKFAKAKEYGAVECFNPQDFEKQTQEVLTEMSRGGVDLSFEVIGRLDTMNTALSMIQKAYGVSVIVGVPPFFQNLHMNPMLLLSGRTWHGAIHGGEKFKDSVPKLVFDAMAKKFALDELPTHELPFEKINEGFDLLRIGKSIRTILTF,5.0221,1,62
SHHVKVIKCRSAVLIEEKKKLSISVVEVKAIKSHEFRIKMVATGICRSEHHVVSGTVVTPLPSIAGHEAAGIVESIGEGVTTVRPGDKVIPCWTPQCGKCRVCNHPKGNVCLKNDLNIPAWTMADGTSRFICRGKPIHHFEYTSTFSQYPVCSEISVAKPIAMSPPEKVCLITCGFSTGYGSAVKVAKVGQKSTCAVFGLGGVGLSVIMGCKAAGAARIIGVDINKDKFAKAKEYGAVECFNPQDFEKQTQEVLTEMSRGGVDLSFEVIGRLDTMNTALSMIQKAYGVSVIVGVPPFFQNLHMNPMLLLSGRTWHGAIHGGEKFKDSVPKLVFDAMAKKFALDELPTHELPFEKINEGFDLLRIGKSIRTILTF,4.0034,1,61
SHPVKVIKCRSAVLIEEKKKLSISVVEVKAIKSHEFRIKMVATGICRSEHHVVSGTVVTPLPSIAGHEAAGIVESIGEGVTTVRPGDKVIPCWTPQCGKCRVCNHPKGNSCLKNDLNIPAWTMADGTSRFICRGKPIHHFEYTSTFSQYPVCSEISVAKPIAMSPPEKVCLITCGFSTGYGSAVKVAKVGQKSTCAVFGLGGVGLSVIMGCKAAGAARIIGVDINKDKFAKAKEYGAVECFNPQDFEKQTQEVLTEMSRGGVDLSFEVIGRLDTMNTALSMIQKAYGVSVIVGVPPFFQNLHMNPMLLLSGRTWHGAIHGGEKFKDSVPKLVFDAMAKKFALDELPTHELPFEKINEGFDLLRIGKSIRTILTF,3.9282,1,63
SHIVKVIKCRSAVLIEEKKKLSISVVEVKAIKSHEFRIKMVATGICRSEHHVVSGTVVTPLPSIAGHEAAGIVESIGEGVTTVRPGDKVIPCWTPQCGKCRVCNHPKGNSCLKNDLNIPAWTMADGTSRFICRGKPIHHFEYTSTFSQYPVCSEISVAKPIAMSPPEKVCLITCGFSTGYGSAVYVAKVGQKSTCAVFGLGGVGLSVIMGCKAAGAARIIGVDINKDKFAKAKEYGAVECFNPQDFEKQTQEVLTEMSRGGVDLSFEVIGRLDTMNTALSMIQKAYGVSVIVGVPPFFQNLHMNPMLLLSGRTWHGAIHGGEKFKDSVPKLVFDAMAKKFALDELPTHELPFEKINEGFDLLRIGKSIRTILTF,3.9282,1,64
SHHVKVIKCRSAVLIEEKKKLSISVVEVKAIKSHEFRIKMVATGICRSEHHVVSGTVVTPLPSIAGHEAAGIVESIGEGVTTVRPGDKVIPCWTPQCGKCRVCNHPKGNVCLKNDLNIPAWTMADGTSRFICRGKPIHHFEYTSTFSQYPVCSEISVAKPIAMSPPEKVCLITCGFSTGYGSAVKVAKVGQKSTCAVFGLGGVGLSVIMGCKAAGAARIIGVDINKDKFAKAKEYGAVECFNPQDFEKQTQEVLTEMSRGGVDLSFEVIGRLDTMNTALSMIQKAYGVSVIVGVPPFFQNLHMNPMLLLSGRTWHGAIHGGEKFKDSVPKLVFDAMAKKFALDPLPTHELPFEKINEGFDLLRIGKSIRTILTF,3.8337,1,60
SHHVKVIKCRSAVLIEEKKKLSISVVEVKAIKSHEFRIKMVATGICRSEHHVVSGTVVTPLPSIAGHEAAGIVESIGEGVTTVRPGDKVIPCWTPQCGKCRVCNHPKGNVCLKNDLNIPAWTMADGTSRFICRGKPIHHFEYTSTFSQYPVCSEISVAKPIAMSPPEKVCLITCGFSTGYGSAVKVAKVGQKSTCAVFGLGGVGLSVIMGCKAAGAARIIGVDINKDKFAKAKEYGAVECFNPQDYEKQTQEVLTEMSRGGVDLSFEVIGRLDTMNTALSMIQKAYGVSVIVGVPPFFQNLHMNPMLLLSGRTWHGAIHGGEKFKDSVPKLVFDAMAKKFALDPLPTHELPFEKINEGFDLLRIGKSIRTILTF,3.4441,1,59
SHHVKVIKCRSAVLIEEKKKLSISVVEVKAIKSHEFRIKMVATGICRSEHHVVSGTVVTPLPSIAGHEAAGIVESIGEGVTTVRPGDKVIPCWTPQCGKCRVCKHPKGNVCLKNDLNIPAWTMADGTSRFICRGKPIHHFEYTSTFSQYPVCSEISVAKPIAMSPPEKVCLITCGFSTGYGSAVKVAKVGQKSTCAVFGLGGVGLSVIMGCKAAGAARIIGVDINKDKFAKAKEYGAVECFNPQDYEKQTQEVLTEMSRGGVDLSFEVIGRLDTMNTALSMIQKAYGVSVIVGVPPFFQNLHMNPMLLLSGRTWHGAIHGGEKFKDSVPKLVFDAMAKKFALDPLPTHELPFEKINEGFDLLRIGKSIRTILTF,3.1939,1,58
SHGVKVIKCRSAVLIEEKKKLSISVVEVPAIKSHEFRIKMVATGICRSEHHVVSGTVVTPLPSIAGHEAAGIVESIGEGVTTVRPGDKVIPCWTPQCGKCRVCNHPKGNSCLKNDLNIPAWTMADGTSRFICRGKPIHHFEYTSTFSQYPVCSEISVAKPIAMSPPEKVCLITCGFSTGYGSAVYVAKVGQKSTCAVFGLGGVGLSVIMGCKAAGAARIIGVDINKDKFAKAKEYGAVECFNPQDFEKQTQEVLTEMSRGGVDLSFEVIGRLDTMNTALSMIQKAYGVSVIVGVPPFFQNLHMNPMLLLSGRTWHGAIHGGEKFKDSVPKLVFDAMAKKFALDELPTHELPFEKINEGFDLLQIGKSIRTNLTF,1.6055,1,66
YHGVKVIKCRSAVLIEEKKKLSISVVEVPAIKSHEFRIKMVATGICRSEHHVVSGTVVTPLPSIAGHEAAGIVESIGEGVTTVRPGDKVIPCWTPQCGKCRVCNHPKGNSCLKNDLNIPAWTMADGTSRFICRGKPIHHFEYTSTFSQYPVCSEISVAKPIAMSPPEKVCLITCGFSTGYGSAVYVAKVGQKSTCAVFGLGGVGLSVIMGCKAAGAARIIGVDINKDKFAKAKEYGAVECFNPQDFEKQTQEVLTEMSRGGVDLSFEVIGRLDTMNTALSMIQKAYGVSVIVGVPPFFQNLHMNPMLLLSGRTWHGAIHGGEKFKDSVPKLVFDAMAKKFALDELPTHELPFEKINEGFDLLQIGKSIRTNLTF,1.6055,1,67
STAGKVIKCKSAVLWEEKKPFSIEEVEVKPPKAHEVRIKMVATGICRSDDHVVSGTLVTPLPVIAGHEAAGIVESIGEGVTTVRPGDKVIPLWTPQCGKCRVCKHPEGNFCLKNDLSMPRGTMQDGTSRFTCRGKPIHHFLGTSTFSQYTVVDEISVAKIDAASPLEKVCLIGCGFSTGYGSAVKVAKVTQGSTCAVFGLGGVGLSVIMGCKAAGAARIIGVDINKDKFAKAKEVGATECVNPQDYKKPIQEVLTEMSPGGVDFSFEVIGRLDTMVTALSCCQEAYGVSVIVGVPPDSQNLHMNPMLLLSGRTWKGAIFGGFKSKDSVPKLVADFMAKKFALDPLITHVLPFEKINEGFDLLRSGESIRTILTF,0.87978,1,1
STAGKVPKIKVAVLHTEKKPFSIEEVEVPPPKAHEVRIKMVATGICRSDTHVVSGTLETPRPVIANHEFAGIVESIGEGVTTVRPGDQVIPLWTPLCGKCRVCLHPEGNFCLKNDLSMPRGTDQDCTSRFTCRNCPIHHFLGTSTFSQYTLVDEISLQKIDAASRLEKVCLIGQGFSTGYGSAVKVAKVTQGHTCAVFGLGGVGLSVIMGCKAAGAARIIGVDINKDVFAMAKEVGATECVNPKDQKKKIQEVLTEMSNGGVDFSFEVIGRLDTMKTALSCCGEQYGVSVIVGVPPDEQNLSMNPHLLLSGETFKGAIFSGFKSKDSVPELVADFMAKKFALDPLITHVLPFEKIQEGFDLLRSGESIRSILTF,0.68089,1,35
STAGKVPKIKVAVLHTEKKPFSIEEVEVPPPKAHEVRIKMVATGICRSDTHVVSGTLETPRPVIANHEFAGIVESIGEGVTTVRPGDQVIPLWTPLCAKCRVCLHPEGNFCLKNDLSMPRGTDQDITSRFTCRNCPIHHFLGTSTFSQYTLVDEISLQKIDAASRLEKVCLIGQGFSTGYGSAVKVAKVTQGHTCAVFGLGGVGLSVIMGCKAAGAARIIGVDINKDVFAMAKEVGATECVNPKDQKKKIQEVLTEMSNGGVDFSFEVIGRLDTMKTALSCCGEQYGVSVIVGVPPDEQPLSMNPHLLLSGETFKGAIFSGFKSKDSVPELVADFMAKKFALDPLITHVLPFEKIQEGFDLLRSGESIRSILTF,0.12114,1,37
STAGKVIKCKAAVLWEEKKPFSIEEVEVAPPKAHEVRIKMVATGICRSDDHVVSGTLVTPLPVIAGHEAAGIVESIGEGVTTVRPGDKVIPLWTPQCGKCRVCKHPEGNFCLKNDLSMPRGTMQDGTSRFTCRGKPIHHFLGTSTFSQYTVVDEISVAKIDAASPLEKVCLIGCGFSTGYGSAVKVAKVTQGSTCAVFGLGGVGLSVIMGCKAAGAARIIGVDINKDKFAKAKEVGATECVNPQDYKKPIQEVLTEMSNGGVDFSFEVIGRLDTMVTALSCCQEAYGVSVIVGVPPDSQNLSMNPMLLLSGRTWKGAIFGGFKSKDSVPKLVADFMAKKFALDPLITHVLPFEKINEGFDLLRSGESIRTILTF,-1.5259e-05,2,0
STAGKVPKIKVAVLHTEKKPFSIEEVEVPPPKAHEVRIKMVATGICRSDTHVVSGTLETPRPVIANHEFAGIVESIGEGVTTVRPGDQVIPLWTPLCAKCRVCLHPEGNFCLKNDLSMPRGTDQDCTSRFTCRNCPIHHFLGTSTFSQYTLVDEISLQKIDAASRLEKVCLIGQGFSTGYGSAVKVAKVTQGHTCAVFGLGGVGLSVIMGCKAAGAARIIGVDINKDVFAMAKEVGATECVNPKDQKKKIQEVLTEMSNGGVDFSFEVIGRLDTMKTALSCCGEQYGVSVIVGVPPDEQNLSMNPHLLLSGETFKGAIFSGFKSKDSVPELVADFMAKKFALDPLITHVLPFEKIQEGFDLLRSGESIRSILTF,-0.0097656,1,36
STAGKVIKCKSAVLHEEKKPFSIEEVEVKPPKAHEVRIKMVATGICRSDDHVVSGTLVTPLPVIAGHEAAGIVESIGEGVTTVRPGDKVIPLWTPQCGKCRVCKHPEGNVCLKNDLSMPRGTMQDGTSRFTCRGKPIHHFLGTSTFSQYTVVDEISVAKIDAASPLEKVCLIGCGFSTGYGSAVKVAKVTQGSTCAVFGLGGVGLSVIMGCKAAGAARIIGVDINKDKFAKAKEVGATECVNPQDYKKPIQEVLTEMSPGGVDFSFEVIGRLDTMVTALSCCQEAYGVSVIVGVPPDSQNLHMNPMLLLSGRTWKGAIFGGFKSKDSVPKLVADFMAKKFALDPLITHVLPFEKINEGFDLLRSGESIRTILTF,-0.086197,1,2
STAGKVIKCKSAVLWEEKKPFSIEEVEVAPPKAHEVRIKMVATGICRSDDHVVSGTLVTPLPVIAGHEAAGIVESIGEGVTTVRPGDKVIPLWTPQCGKCRVCKHPEGNFCLKNDLSMPRGTMQDGTSRFTCRGKPIHHFLGTSTFSQYTVVDEISVAKIDAASPLEKVCLIGCGFSTGYGSAVKVAKVTQGSTCAVFGLGGVGLSVIMGCKAAGAARIIGVDINKDKFAKAKEVGATECVNPQDYKKPIQEVLTEMSNGGVDFSFEVIGRLDTMVTALSCCQEAYGVSVIVGVPPDSQNLHMNPMLLLSGRTWKGAIFGGFKSKDSVPKLVADFMAKKFALDPLITHVLPFEKINEGFDLLRSGESIRTILTF,-0.15739,1,0
STAGKVIKCKSAVLHEEKKPFSIEEVEVKPPKAHEVRIKMVATGICRSDDHVVSGTLVTPLPVIAGHEAAGIVESIGEGVTTVRPGDKVIPLWTPQCGKCRVCKHPEGNVCLKNDLSMPRGTEQDGTSRFTCRGKPIHHFLGTSTFSQYTVTDEISVAKIDAASPLEKVCLIGCGFSTGYGSAVKVAKVTQGSTCAVFGLGGVGLSVIMGCKAAGAARIIGVDINKDKFAKAKEVGATECFNPQDYKKPIQEVLTEMSPGGVDFSFEVIGRLDTMNTALSCCQEAYGVSVIVGVPPFSQNLHMNPMLLLSGRTWHGAIFGGFKSKDSVPKLVADFMAKKFALDPLITHVLPFEKINEGFDLLRSGESIRTILTF,-0.41942,1,8
STAGKVPKIKVAVLHTEKKPFSIEEVEVPPPKAHEVRIKMVATGICRSDTHVVSGTLETPRPVIANHEFAGIVESIGEGVTTVRPGDQVIPLWTPLCGKCRVCLHPEGNFCLKNDLSMPRGTDQDCTSRFTCRNCPIHHFLGTSTFSQYTLVDEISTQKIDAASRLEKVCLIGQGFSTGYGSAVKVAKVTQGHTCAVFGLGGVGLSVIMGCKAAGAARIIGVDINKDVFAMAKEVGATECVNPKDQKKKIQEVLTEMSNGGVDFSFEVIGRLDTMKTALSCCGEQYGVSVIVGVPPDEQNLSMNPHLLLSGETFKGAIFSGFKSKDSVPELVADFMAKKFALDPLITHVLPFEKIQEGFDLLRSGESIRSILTF,-0.56258,2,33
STAGKVIKCKSAVLHEEKKPFSIEEVEVKPPKAHEVRIKMVATGICRSDDHVVSGTVVTPLPVIAGHEAAGIVESIGEGVTTVRPGDKVIPLWTPQCGKCRVCKHPEGNVCLKNDLSMPRGTEQDGTSRFTCRGKPIHHFLGTSTFSQYTVTDEISVAKIDAASPLEKVCLIGCGFSTGYGSAVKVAKVTQGSTCAVFGLGGVGLSVIMGCKAAGAARIIGVDINKDKFAKAKEYGATECFNPQDYKKPIQEVLTEMSPGGVDFSFEVIGRLDTMNTALSCCQEAYGVSVIVGVPPFSQNLHMNPMLLLSGRTWHGAIFGGFKSKDSVPKLVADFMAKKFALDPLITHVLPFEKINEGFDLLRSGESIRTILTF,-0.61635,1,11
STAGKVIKCKSAVLHEEKKPFSIEEVEVKPPKAHEVRIKMVATGICRSDDHVVSGTLVTPLPVIAGHEAAGIVESIGEGVTTVRPGDKVIPLWTPQCGKCRVCKHPEGNVCLKNDLSMPRGTEQDGTSRFTCRGKPIHHFLGTSTFSQYTVTDEISVAKIDAASPLEKVCLIGCGFSTGYGSAVKVAKVTQGSTCAVFGLGGVGLSVIMGCKAAGAARIIGVDINKDKFAKAKEVGATECFNPQDYKKPIQEVLTEMSPGGVDFSFEVIGRLDTMNTALSCCQEAYGVSVIVGVPPDSQNLHMNPMLLLSGRTWHGAIFGGFKSKDSVPKLVADFMAKKFALDPLITHVLPFEKINEGFDLLRSGESIRTILTF,-0.62526,1,7
STAGKVIKCKSAVLHEEKKPFSIEEVEVKPPKAHEVRIKMVATGICRSDDHVVSGTLVTPLPVIAGHEAAGIVESIGEGVTTVRPGDKVIPLWTPQCGKCRVCKHPEGNVCLKNDLSMPRGTMQDGTSRFTCRGKPIHHFLGTSTFSQYTVVDEISVAKIDAASPLEKVCLIGCGFSTGYGSAVKVAKVTQGSTCAVFGLGGVGLSVIMGCKAAGAARIIGVDINKDKFAKAKEVGATECVNPQDYKKPIQEVLTEMSPGGVDFSFEVIGRLDTMVTALSCCQEAYGVSVIVGVPPDSQNLHMNPMLLLSGRTWHGAIFGGFKSKDSVPKLVADFMAKKFALDPLITHVLPFEKINEGFDLLRSGESIRTILTF,-0.68155,1,3
STAGKVIKCKAAVLWEEKKPFSIEEVEVAPPKAHEVRIKMVATGICRSDDHVVSGTLVTPLPVIAGHEAAGIVESIGEGVTTVRPGDKVIPLWTPQCGKCRVCKHPEGNFCLKNDLSMPRGTMQDGTSRFTCRGKPIHHFLGTSTFSQYTVVDEISVAKIDAASPLEKVCLIGCGFSTGYGSAVKVAKVTQGSTCAVFGLGGVGLSVIMGCKAAGAARIIGVDINKDKFAKAKEVGATECVNPQDYKKPIQEVLTEMSNGGVDFSFEVIGRLDTMVTALSCCQEAYGVSVIVGVPPDSQNLSMNPMLLLSGRTWKGAIFSGFKSKDSVPKLVADFMAKKFALDPLITHVLPFEKINEGFDLLRSGESIRTILTF,-0.70465,1,0
STAGKVIKCKSAVLHEEKKPFSIEEVEVKPPKAHEVRIKMVATGICRSDDHVVSGTVVTPLPVIAGHEAAGIVESIGEGVTTVRPGDKVIPLWTPQCGKCRVCKHPEGNVCLKNDLSMPRGTEQDGTSRFTCRGKPIHHFLGTSTFSQYTVTDEISVAKIDAASPLEKVCLIGCGFSTGYGSAVKVAKVTQGSTCAVFGLGGVGLSVIMGCKAAGAARIIGVDINKDKFAKAKEVGATECFNPQDYKKPIQEVLTEMSPGGVDFSFEVIGRLDTMNTALSCCQEAYGVSVIVGVPPFSQNLHMNPMLLLSGRTWHGAIFGGFKSKDSVPKLVADFMAKKFALDPLITHVLPFEKINEGFDLLRSGESIRTILTF,-0.85548,2,9
GVGVKVIKCRSAVKIEEKKKMMISVKEVAAIKSHEPRLKIVAKYIYRSEHHVVSGTVVTPLPSIAGHEAAGIVESIGEGVTTVRPGDKVIPAWTPQPGKERVYNHPKGNSPLKPDLNIPADTMEDGTSRFIERGKPIHHFEYTGKFSQYPVYSHISVAKPIAMSPVEKPYLITAGFSTGYGSASYVAKVGQKSTCAIFGLGGVGLSVIMGCKAAGAARIIGVDINKDKFAKAKEYGAVECFNPQDFEKQTQEVLTEMSRGGVDLSFEVIGRLDTMNTALSMIQKAYGVSVIVGVPPFFENLHMNPMLLLSGRTWHGAIHGIEKFKDSVPKLVFDAMAKKFPLDELPTHELPFEKINEGFDLLQIGKSIRTNLTF,-0.87231,1,98
STAGKVIKCKSAVLTEEKKPFSIEEVEVKPPKAHEVRIKMVATGICRSDDHVVSGTVVTPLPVIAGHEAAGIVESIGEGVTTVRPGDKVIPLWTPQCGKCRVCKHPEGNVCLKNDLSMPRGTEQDGTSRFTCRGKPIHHFLGTSTFSQYTVTDEISVAKIDAASPLEKVCLIGCGFSTGYGSAVKVAKVTQGSTCAVFGLGGVGLSVIMGCKAAGAARIIGVDINKDKFAKAKEYGATECFNPQDYKKQIQEVLTEMSPGGVDFSFEVIGRLDTMNTALSCCQEAYGVSVIVGVPPFSQNLHMNPMLLLSGRTWHGAIFGGFKSKDSVPKLVADFMAKKFALDPLITHVLPFEKINEGFDLLRSGESIRTILTF,-1.0237,1,12
STAGKVIKCKAAVLWEEKKPFSIEEVEVAPPKAHEVRIKMVATGICRSDIHVVSGTLVTPLPVIAGHEAAGIVESIGEGVTTVRPGDKVIPLWTPQCGKCRVCKHPEGNFCLKNDLSMPRGTMQDGTSRFTCRGKPIHHFLGTSTFSQYTVVDEISVAKIDAASPLEKVCLIGCGFSTGYGSAVKVACVTQGSTCAVFGLGGVGLSVIMGCKAAGAARIIGVDINKDKFAKAKEVGATECVNPQDYDKPIQEVLTEMSNGGVDFSFEVIGRLDTMVTALSCCQEAYGVSVIVGVPPDSQNLGMNPMLLLSGRTWKGAIFGGFKSKDSVPKLVADFMAKKFALDPLITHVLPFEKINEGFDLLRSGESIRTILTF,-1.0247,2,4
STAGKVPKIKVAVLWTEKKPFSIEEVEVPPPKAHEVRIKMVATGICRSDTHVVSGTLETPRPVIANHEFAGIVESIGEGVTTVRPGDKVIPLWTPLCGKCRVCLHPEGNFCLKNDLSMPRGTDQDCTSRFTCRNCPIHHFLGTSTFSQYTLVDEISTQKIDAASRLEKVCLIGQGFSTGYGSAVKVAKVTQGHTCAVFGLGGVGLSVIMGCKAAGAARIIGVDINKDVFAMAKEVGATECVNPKDQKKKIQEVLTEMSNGGVDFSFEVIGRLDTMKTALSCCGEQYGVSVIVGVPPDEQNLSMNPHLLLSGETFKGAIFSGFKSKDSVPELVADFMAKKFALDPLITHVLPFEKIQEGFDLLRSGESIRSILTF,-1.0295,1,32
STAGKVIKCKSAVLHEEKKPFSIEEVEVKPPKAHEVRIKMVATGICRSDDHVVSGTLVTPLPVIAGHEAAGIVESIGEGVTTVRPGDKVIPLWTPQCGKCRVCKHPEGNVCLKNDLSMPRGTEQDGTSRFTCRGKPIHHFLGTSTFSQYTVTDEISVAKIDAASPLEKVCLIGCGFSTGYGSAVKVAKVTQGSTCAVFGLGGVGLSVIMGCKAAGAARIIGVDINKDKFAKAKEVGATECVNPQDYKKPIQEVLTEMSPGGVDFSFEVIGRLDTMNTALSCCQEAYGVSVIVGVPPDSQNLHMNPMLLLSGRTWHGAIFGGFKSKDSVPKLVADFMAKKFALDPLITHVLPFEKINEGFDLLRSGESIRTILTF,-1.1404,1,6
SHGVKVIKCRSAVLIEEKKKLSISVVEVPAIKSHEFRIKMVATGICRSEHHVVSGTVVTPLPSIAGHEAAGIVESIGEGVTTVRPGDKVIPCWTPQCGKCRVCNHPKGNSCLKNDLNIPAWTMADGTSRFICRGKPIHHFEYTSTFSQYPVCSEISVAKPIAMSPPEKVCLITCGFSTGYGSAVYVAKVGQKSTCAVFGLGGVGLSVIMGCKAAGAARIIGVDINKDKFAKAKEYGAVECFNPQDFEKQTQEVLTEMSRGGVDLSFEVIGRLDTMNTALSMIQKAYGVSVIVGVPPFFQNLHMNPMLLLSGRTWHGAIHGGEKFKDSVPKLVFDAMAKKFALDELPTHELPFEKINEGFDLLRIGKSIRTILTF,-1.2151,1,65
STAGKVIKCKAAVLWEEKKPFSIEEVEVAPPKAHEVRIKMVATGICRSDIHVVSGTLVTPLPVIAGHEAAGIVESIGEGVTTVRPGDKVIPLWTPQCGKCRVCKHPEGNFCLKNDLSMPRGTMQDGTSRFTCRGKPIHHFLGTSTFSQYTVVDEISVAKIDAASPLEKVCLIGCGFSTGYGSAVKVACVTQGSTCAVFGLGGVGLSVIMGCKAAGAARIIGVDINKDKFAKAKEVGATECVNPQDYDKPIQEVLTEMSNGGVDFSFEVIGRLDTMVTALSCCQEAYGVSVIVGVPPDSQNLGMNPMLLLSGRTWKGAIFGGFKSKDSVPKLVADFMAKKFAADPLITHVLPFEKINEGFDLLRSGESIRTILTF,-1.2345,1,6
STAGKVPKIKVAVLWTEKKPFSIEEVEVPPPKAHEVRIKMVATGICRSDDHVVSGTLETPRPVIANHEFAGIVESIGEGVTTVRPGDKVIPLWTPLCGKCRVCKHPEGNFCLKNDLSMPRGTDQDCTSRFTCRNCPIHHFLGTSTFSQYTLVDEISTQKIDAASRLEKVCLIGQGFSTGYGSAVKVAKVTQGHTCAVFGLGGVGLSVIMGCKAAGAARIIGVDINKDVFAMAKEVGATECVNPTDQKKKIQEVLTEMSNGGVDFSFEVIGRLDTMKTALSCCGEQYGVSVIVGVPPDEQNLSMNPHLLLSGETFKGAIFSGFKSKDSVPELVADFMAKKFALDPLITHVLPFEKIQEGFDLLRSGESIRTILTF,-1.2902,1,29
STAGKVIKCKSAVLHEEKKPFSIEEVEVKPPKAHEVRIKMVATGICRSDDHVVSGTLVTPLPVIAGHEAAGIVESIGEGVTTVRPGDKVIPLWTPQCGKCRVCKHPEGNVCLKNDLSMPRGTEQDGTSRFTCRGKPIHHFLGTSTFSQYTVTDEISVAKIDAASPLEKVCLIGCGFSTGYGSAVKVAKVTQGSTCAVFGLGGVGLSVIMGCKAAGAARIIGVDINKDKFAKAKEVGATECVNPQDYKKPIQEVLTEMSPGGVDFSFEVIGRLDTMVTALSCCQEAYGVSVIVGVPPDSQNLHMNPMLLLSGRTWHGAIFGGFKSKDSVPKLVADFMAKKFALDPLITHVLPFEKINEGFDLLRSGESIRTILTF,-1.3229,1,5
STAGKVIKCKAAVLWEEKKPFSIEEVEVAPPKAHEVRIKMVATGICRSDDHVVSGTLVTPRPVIAGHEAAGIVESIGEGVTTVRPGDKVIPLWTPQCGKCRVCKHPEGNFCLKNDLSMPRGTMQDGTSRFTCRGKPIHHFLGTSTFSQYTVVDEISVQKIDAASPLEKVCLIGCGFSTGYGSAVKVAKVTQGSTCAVFGLGGVGLSVIMGCKAAGAARIIGVDINKDKFATAKEVGATECVNPQDYKKPIQEVLTEMSNGGVDFSFEVIGRLDTMKTALSCCQEAYGVSVIVGVPPDSQNLSMNPMLLLSGRTWKGAIFGGFKSKDSVPKLVADFMAKKFALDPLITHVLPFEKINEGFDLLRSGESIRTILTF,-1.3622,1,3
STAGKVIKCKSAVLHEEKKPFSIEEVEVKPPKAHEVRIKMVATGICRSDDHVVSGTLVTPLPVIAGHEAAGIVESIGEGVTTVRPGDKVIPLWTPQCGKCRVCKHPEGNVCLKNDLSMPRGTMQDGTSRFTCRGKPIHHFLGTSTFSQYTVTDEISVAKIDAASPLEKVCLIGCGFSTGYGSAVKVAKVTQGSTCAVFGLGGVGLSVIMGCKAAGAARIIGVDINKDKFAKAKEVGATECVNPQDYKKPIQEVLTEMSPGGVDFSFEVIGRLDTMVTALSCCQEAYGVSVIVGVPPDSQNLHMNPMLLLSGRTWHGAIFGGFKSKDSVPKLVADFMAKKFALDPLITHVLPFEKINEGFDLLRSGESIRTILTF,-1.5201,1,4
STAGKVIKCKSAVLTEEKKPFSIEEVEVKPPKAHEVRIKMVATGICRSDDHVVSGTVVTPLPVIAGHEAAGIVESIGEGVTTVRPGDKVIPLWTPQCGKCRVCKHPEGNVCLKNDLSMPRGTEQDGTSRFTCRGKPIHHFLGTSTFSQYTVTDEISVAKIDAASPLEKVCLIGCGFSTGYGSAVKVAKVTQGSTCAVFGLGGVGLSVIMGCKAAGAARIIGVDINKDKFAKAKEYGATECFNPQDYKKQIQEVLTEMSRGGVDFSFEVIGRLDTMNTALSCCQKAYGVSVIVGVPPFSQNLHMNPMLLLSGRTWHGAIFGGFKSKDSVPKLVADFMAKKFALDPLITHVLPFEKINEGFDLLRSGESIRTILTF,-1.5213,1,13
STAGKVPKIKVAVLWEEKKPFSIEEVEVPPPKAHEVRIKMVATGICRSDDHVVSGTLVTPRPVIAGHEAAGIVESIGEGVTTVRPGDKVIPLWTPQCGKCRVCKHPEGNFCLKNDLSMPRGTDQDGTSRFTCRGKPIHHFLGTSTFSQYTVVDEISTQKIDAASRLEKVCLIGVGFSTGYGSAVKVAKVTQGHTCAVFGLGGVGLSVIMGCKAAGAARIIGVDINKDKFAMAKEVGATECVNPTDQKKTIQEVLTEMSNGGVDFSFEVIGRLDTMKTALSCCQEQYGVSVIVGVPPDSQNLSMNPHLLLSGETFKGAIFGGFKSKDSVPKLVADFMAKKFALDPLITHVLPFEKIQEGFDLLRSGESIRTILTF,-1.7709,1,19
STAGKVIKCKAAVLWEEKKPFSIEEVEVAPPKAHEVRIKMVATGICRSDDHVVSGTLVTPLPVIAGHEAAGIVESIGEGVTTVRPGDKVIPLWTPQCGKCRVCKHPEGNFCLKNDLSMPRGTMQDGTSRFTCRGKPIHHFLGTSTFSQYTVVDEISVQKIDAASPLEKVCLIGCGFSTGYGSAVKVAKVTQGSTCAVFGLGGVGLSVIMGCKAAGAARIIGVDINKDKFATAKEVGATECVNPQDYKKPIQEVLTEMSNGGVDFSFEVIGRLDTMVTALSCCQEAYGVSVIVGVPPDSQNLSMNPMLLLSGRTWKGAIFGGFKSKDSVPKLVADFMAKKFALDPLITHVLPFEKINEGFDLLRSGESIRTILTF,-1.8875,1,2
STAGKVPKIKVAVLWEEKKPFSIEEVEVPPPKAHEVRIKMVATGICRSDDHVVSGTLVTPRPVIAGHEAAGIVESIGEGVTTVRPGDKVIPLWTPQCGKCRVCKHPEGNFCLKNDLSMPRGTDQDGTSRFTCRGKPIHHFLGTSTFSQYTVVDEISTQKIDAASRLEKVCLIGVGFSTGYGSAVKVAKVTQGHTCAVFGLGGVGLSVIMGCKAAGAARIIGVDINKDKFAMAKEVGATECVNPTDQKKTIQEVLTEMSNGGVDFSFEVIGRLDTMKTALSCCQEQYGVSVIVGVPPDEQNLSMNPHLLLSGETFKGAIFGGFKSKDSVPKLVADFMAKKFALDPLITHVLPFEKIQEGFDLLRSGESIRTILTF,-1.9,1,20
STAGKVPKIKVAVLWTEKKPFSIEEVEVPPPKAHEVRIKMVATGICRSDEHVVSGTLETPRPVIANHEFAGIVESIGEGVTTVRPGDKVIPLWTPLCGKCRVCKHPEGNFCLKNDLSMPRGTDQDCTSRFTCRNCPIHHFLGTSTFSQYTLVDEISTQKIDAASRLEKVCLIGQGFSTGYGSAVKVAKVTQGHTCAVFGLGGVGLSVIMGCKAAGAARIIGVDINKDVFAMAKEVGATECVNPTDQKKKIQEVLTEMSNGGVDFSFEVIGRLDTMKTALSCCGEQYGVSVIVGVPPDEQNLSMNPHLLLSGETFKGAIFSGFKSKDSVPELVADFMAKKFALDPLITHVLPFEKIQEGFDLLRSGESIRTILTF,-2.0513,1,30
STAGKVIKCKAAVLWEEKKPFSIEEVEVAPPKAHEVRIKMVATGICRSDDHVVSGTLVTPLPVIAGHEAAGIVESIGEGVTTVRPGDKVIPLWTPQCGKCRVCKHPEGNFCLKNDLSMPRGTMQDGTSRFTCRGKPIHHFLGTSTFSQYTVVDEISVAKIDAASPLEKVCLIGCGFSTGYGSAVKVACVTQGSTCAVFGLGGVGLSVIMGCKAAGAARIIGVDINKDKFAKAKEVGATECVNPQDYKKPIQEVLTEMSNGGVDFSFEVIGRLDTMVTALSCCQEAYGVSVIVGVPPDSQNLSMNPMLLLSGRTWKGAIFGGFKSKDSVPKLVADFMAKKFALDPLITHVLPFEKINEGFDLLRSGESIRTILTF,-2.1228,3,0
STAGKVPKIKVAVLWTEKKPFSIEEVEVPPPKAHEVRIKMVATGICRSDEHVVSGTLETPRPVIANHEFAGIVESIGEGVTTVRPGDKVIPLWTPLCGKCRVCKHPEGNFCLKNDLSMPRGTDQDCTSRFTCRNCPIHHFLGTSTFSQYTLVDEISTQKIDAASRLEKVCLIGQGFSTGYGSAVKVAKVTQGHTCAVFGLGGVGLSVIMGCKAAGAARIIGVDINKDVFAMAKEVGATECVNPKDQKKKIQEVLTEMSNGGVDFSFEVIGRLDTMKTALSCCGEQYGVSVIVGVPPDEQNLSMNPHLLLSGETFKGAIFSGFKSKDSVPELVADFMAKKFALDPLITHVLPFEKIQEGFDLLRSGESIRTILTF,-2.1245,1,31
STAGKVPKIKVAVLWTEKKPFSIEEVEVPPPKAHEVRIKMVATGICRSDDHVVSGTLETPRPVIAGHEFAGIVESIGEGVTTVRPGDKVIPLWTPLCGKCRVCKHPEGNFCLKNDLSMPRGTDQDCTSRFTCRNKPIHHFLGTSTFSQYTLVDEISTQKIDAASRLEKVCLIGVGFSTGYGSAVKVAKVTQGHTCAVFGLGGVGLSVIMGCKAAGAARIIGVDINKDVFAMAKEVGATECVNPTDQKKTIQEVLTEMSNGGVDFSFEVIGRLDTMKTALSCCGEQYGVSVIVGVPPDEQNLSMNPHLLLSGETFKGAIFSGFKSKDSVPKLVADFMAKKFALDPLITHVLPFEKIQEGFDLLRSGESIRTILTF,-2.2314,1,25
STAGKVIKCKAAVLWEEKKPFSIEEVEVAPPKAHEVRIKMVATGICRSDDHVVSGTLVTPLPVIAGHEAAGIVESIGEGVTTVRPGDKVIPLWTPQCGKCRVCKHPEGNFCLKNDLSMPRGTMQDGTSRFTCRGKPIHHFLGTSTFSQYTVVDEISVAKIDAASPLEKVCLIGCGFSTGYGSAVKVACVTQGSTCAVFGLGGVGLSVIMGCKAAGAARIIGVDINKDKFAKAKEVGATECVNPQDYDKPIQEVLTEMSNGGVDFSFEVIGRLDTMVTALSCCQEAYGVSVIVGVPPDSQNLSMNPMLLLSGRTWKGAIFGGFKSKDSVPKLVADFMAKKFALDPLITHVLPFEKINEGFDLLRSGESIRTILTF,-2.3533,1,3
STAGKVIKIKAAVLWEEKKPFSIEEVEVAPPKAHEVRIKMVATGICRSDDHVVSGTLVTPRPVIAGHEAAGIVESIGEGVTTVRPGDKVIPLWTPQCGKCRVCKHPEGNFCLKNDLSMPRGTDQDGTSRFTCRGKPIHHFLGTSTFSQYTVVDEISVQKIDAASRLEKVCLIGCGFSTGYGSAVKVAKVTQGHTCAVFGLGGVGLSVIMGCKAAGAARIIGVDINKDKFAMAKEVGATECVNPRDQKKTIQEVLTEMSNGGVDFSFEVIGRLDTMKTALSCCQEQYGVSVIVGVPPDSQNLSMNPMLLLSGRTWKGAIFGGFKSKDSVPKLVADFMAKKFALDPLITHVLPFEKINEGFDLLRSGESIRTILTF,-2.4009,1,9
STAGKVIKCKSAVLTEEKKPFSIEEVEVKPPKAHEVRIKMVATGICRSDDHVVSGTVVTPLPVIAGHEAAGIVESIGEGVTTVRPGDKVIPLWTPQCGKCRVCKHPEGNVCLKNDLNIPRYTEQDGTSRFTCRGKPIHHFLGTSTFSQYTVCDEISVAKIDAASPLEKVCLIGCGFSTGYGSAVKVAKVTQGSTCAVFGLGGVGLSVIMGCKAAGAARIIGVDINKDKFAKAKEYGATECFNPQDYKKQIQEVLTEMSRGGVDFSFEVIGRLDTMNTALSCCQKAYGVSVIVGVPPFFQNLHMNPMLLLSGRTWHGAIHGGFKFKDSVPKLVADFMAKKFALDPLITHVLPFEKINEGFDLLRSGESIRTILTF,-2.5957,1,17
STAGKVIKCKSAVLTEEKKPFSIEEVEVKPPKAHEVRIKMVATGICRSDDHVVSGTVVTPLPVIAGHEAAGIVESIGEGVTTVRPGDKVIPLWTPQCGKCRVCKHPEGNVCLKNDLSIPRYTEQDGTSRFTCRGKPIHHFLGTSTFSQYTVTDEISVAKIDAASPLEKVCLIGCGFSTGYGSAVKVAKVTQGSTCAVFGLGGVGLSVIMGCKAAGAARIIGVDINKDKFAKAKEYGATECFNPQDYKKQIQEVLTEMSRGGVDFSFEVIGRLDTMNTALSCCQKAYGVSVIVGVPPFFQNLHMNPMLLLSGRTWHGAIHGGFKFKDSVPKLVADFMAKKFALDPLITHVLPFEKINEGFDLLRSGESIRTILTF,-2.604,1,15
STAGKVPKIKVAVLWTEKKPFSIEEVEVPPPKAHEVRIKMVATGICRSDDHVVSGTLETPRPVIAGHEFAGIVESIGEGVTTVRPGDKVIPLWTPLCGKCRVCKHPEGNFCLKNDLSMPRGTDQDCTSRFTCRNKPIHHFLGTSTFSQYTLVDEISTQKIDAASRLEKVCLIGVGFSTGYGSAVKVAKVTQGHTCAVFGLGGVGLSVIMGCKAAGAARIIGVDINKDVFAMAKEVGATECVNPTDQKKKIQEVLTEMSNGGVDFSFEVIGRLDTMKTALSCCGEQYGVSVIVGVPPDEQNLSMNPHLLLSGETFKGAIFSGFKSKDSVPELVADFMAKKFALDPLITHVLPFEKIQEGFDLLRSGESIRTILTF,-2.6185,1,27
SHHVKVIKCRSAVLIEEKKPLSISYVEVKAIKSHEFRIKMVATGICRSEHHVVSGTVVTPLPSIAGHEAAGIVESIGEGVTTVRPGDKVIPCWTPQCGKCRVCKHPKGNVCLKNDLNIPAWTMADGTSRFICRGKPIHHFEYTSTFSQYPVCSEISVAKPIAMSPPEKVCLITCGFSTGYGSAVKVAKVGQKSTCAVFGLGGVGLSVIMGCKAAGAARIIGVDINKDKFAKAKEYGAVECFNPQDYEKQTQEVLTEMSRGGVDLSFEVIGRLDTMNTALSMIQKAYGVSVIVGVPPFFQNLHMNPMLLLSGRTWHGAIHGGEKFKDSVPKLVFDAMAKKFALDPLPTHELPFEKINEGFDLLRSGKSIRTILTF,-2.6457,1,55
STAGKVIKCKSAVLTEEKKPFSIEEVEVKPPKAHEVRIKMVATGICRSDDHVVSGTVVTPLPVIAGHEAAGIVESIGEGVTTVRPGDKVIPLWTPQCGKCRVCKHPEGNVCLKNDLNIPRYTEQDGTSRFTCRGKPIHHFLGTSTFSQYTVTDEISVAKIDAASPLEKVCLIGCGFSTGYGSAVKVAKVTQGSTCAVFGLGGVGLSVIMGCKAAGAARIIGVDINKDKFAKAKEYGATECFNPQDYKKQIQEVLTEMSRGGVDFSFEVIGRLDTMNTALSCCQKAYGVSVIVGVPPFFQNLHMNPMLLLSGRTWHGAIHGGFKFKDSVPKLVADFMAKKFALDPLITHVLPFEKINEGFDLLRSGESIRTILTF,-2.6492,1,16
STALKVIKCKAAVLWEEKKPFSIEEVEVAPPKAHEVRIKMVATGICRSDIHVVSGTLVTPLPVIAGHEAAGIVESIGEGVTTVRPGDKVIPLWTPQCGKCRVCKHPEGNTCLKNDLSMPRGTMQDGTSRFTCRGKPIHHFGGTSTFSQYTVVDEISVAKIDAASPLEKVCLIGCGFSTGYGSAVKVACVTQGSTCAVFGMGGVGLSVIMGAKAAGAARIIGVDINKDKFAKAKEVGATECVNPQDYDKPIQEVLTEMSNGGVDFSFEVIGRLDTMVTALSCCQEAYGVSVIVGVPPDSQWLGMNPVLLLGGRTWKGAIFGGFKSKDSVPKLVADFMAKKFAADPLIHHVLPFEKINEGFDLIRSGESIVTILTF,-2.7276,1,15
STAGKVIKIKAAVLWEEKKPFSIEEVEVAPPKAHEVRIKMVATGICRSDDHVVSGTLVTPRPVIAGHEAAGIVESIGEGVTTVRPGDKVIPLWTPQCGKCRVCKHPEGNFCLKNDLSMPRGTDQDGTSRFTCRGKPIHHFLGTSTFSQYTVVDEISVQKIDAASRLEKVCLIGCGFSTGYGSAVKVAKVTQGHTCAVFGLGGVGLSVIMGCKAAGAARIIGVDINKDKFAMAKEVGATECVNPRDQKKTIQEVLTEMSNGGVDFSFEVIGRLDTMKTALSCCQEQYGVSVIVGVPPDSQNLSMNPMLLLSGRTWKGAIFGGFKAKDSVPKLVADFMAKKFALDPLITHVLPFEKINEGFDLLRSGESIRTILTF,-2.8096,1,10
STAGKVIKIKAAVLWEEKKPFSIEEVEVPPPKAHEVRIKMVATGICRSDDHVVSGTLVTPRPVIAGHEAAGIVESIGEGVTTVRPGDKVIPLWTPQCGKCRVCKHPEGNFCLKNDLSMPRGTDQDGTSRFTCRGKPIHHFLGTSTFSQYTVVDEISVQKIDAASRLEKVCLIGCGFSTGYGSAVKVAKVTQGHTCAVFGLGGVGLSVIMGCKAAGAARIIGVDINKDKFAMAKEVGATECVNPRDQKKTIQEVLTEMSNGGVDFSFEVIGRLDTMKTALSCCQEQYGVSVIVGVPPDSQNLSMNPMLLLSGRTWKGAIFGGFKAKDSVPKLVADFMAKKFALDPLITHVLPFEKIQEGFDLLRSGESIRTILTF,-2.8633,1,11
STAGKVPKIKVAVLWEEKKPFSIEEVEVPPPKAHEVRIKMVATGICRSDDHVVSGTLETPRPVIAGHEFAGIVESIGEGVTTVRPGDKVIPLWTPLCGKCRVCKHPEGNFCLKNDLSMPRGTDQDGTSRFTCRNKPIHHFLGTSTFSQYTVVDEISTQKIDAASRLEKVCLIGVGFSTGYGSAVKVAKVTQGHTCAVFGLGGVGLSVIMGCKAAGAARIIGVDINKDVFAMAKEVGATECVNPTDQKKTIQEVLTEMSNGGVDFSFEVIGRLDTMKTALSCCGEQYGVSVIVGVPPDEQNLSMNPHLLLSGETFKGAIFSGFKSKDSVPKLVADFMAKKFALDPLITHVLPFEKIQEGFDLLRSGESIRTILTF,-2.9257,1,24
STAGKVIKIKVAVLWEEKKPFSIEEVEVPPPKAHEVRIKMVATGICRSDDHVVSGTLVTPRPVIAGHEAAGIVESIGEGVTTVRPGDKVIPLWTPQCGKCRVCKHPEGNFCLKNDLSMPRGTDQDGTSRFTCRGKPIHHFLGTSTFSQYTVVDEISTQKIDAASRLEKVCLIGVGFSTGYGSAVKVAKVTQGHTCAVFGLGGVGLSVIMGCKAAGAARIIGVDINKDKFAMAKEVGATECVNPTDQKKTIQEVLTEMSNGGVDFSFEVIGRLDTMKTALSCCQEQYGVSVIVGVPPDSQNLSMNPHLLLSGRTFKGAIFGGFKSKDSVPKLVADFMAKKFALDPLITHVLPFEKIQEGFDLLRSGESIRTILTF,-3.1276,1,17
STAGKVPKIKVAVLWTEKKPFSIEEVEVPPPKAHEVRIKMVATGICRSDDHVVSGTLETPRPVIAGHEFAGIVESIGEGVTTVRPGDKVIPLWTPLCGKCRVCKHPEGNFCLKNDLSMPRGTDQDCTSRFTCRNKPIHHFLGTSTFSQYTLVDEISTQKIDAASRLEKVCLIGVGFSTGYGSAVKVAKVTQGHTCAVFGLGGVGLSVIMGCKAAGAARIIGVDINKDVFAMAKEVGATECVNPTDQKKTIQEVLTEMSNGGVDFSFEVIGRLDTMKTALSCCGEQYGVSVIVGVPPDEQNLSMNPHLLLSGETFKGAIFSGFKSKDSVPELVADFMAKKFALDPLITHVLPFEKIQEGFDLLRSGESIRTILTF,-3.1663,1,26
STAGKVPKIKVAVLWEEKKPFSIEEVEVPPPKAHEVRIKMVATGICRSDDHVVSGTLETPRPVIAGHEFAGIVESIGEGVTTVRPGDKVIPLWTPLCGKCRVCKHPEGNFCLKNDLSMPRGTDQDGTSRFTCRGKPIHHFLGTSTFSQYTVVDEISTQKIDAASRLEKVCLIGVGFSTGYGSAVKVAKVTQGHTCAVFGLGGVGLSVIMGCKAAGAARIIGVDINKDVFAMAKEVGATECVNPTDQKKTIQEVLTEMSNGGVDFSFEVIGRLDTMKTALSCCGEQYGVSVIVGVPPDEQNLSMNPHLLLSGETFKGAIFSGFKSKDSVPKLVADFMAKKFALDPLITHVLPFEKIQEGFDLLRSGESIRTILTF,-3.1871,1,23
STAGKVIKCKSAVLTEEKKPFSIEEVEVKPPKSHEVRIKMVATGICRSDDHVVSGTVVTPLPSIAGHEAAGIVESIGEGVTTVRPGDKVIPCWTPQCGKCRVCKHPEGNVCLKNDLNIPRYTMQDGTSRFTCRGKPIHHFEGTSTFSQYTVCSEISVAKIDAMSPPEKVCLIGCGFSTGYGSAVKVAKVTQKSTCAVFGLGGVGLSVIMGCKAAGAARIIGVDINKDKFAKAKEYGATECFNPQDYKKQTQEVLTEMSRGGVDLSFEVIGRLDTMNTALSCIQKAYGVSVIVGVPPFFQNLHMNPMLLLSGRTWHGAIHGGEKFKDSVPKLVADFMAKKFALDPLITHVLPFEKINEGFDLLRSGESIRTILTF,-3.2802,1,26
STAGKVPKIKVAVLWEEKKPFSIEEVEVPPPKAHEVRIKMVATGICRSDDHVVSGTLVTPRPVIAGHEFAGIVESIGEGVTTVRPGDKVIPLWTPQCGKCRVCKHPEGNFCLKNDLSMPRGTDQDGTSRFTCRGKPIHHFLGTSTFSQYTVVDEISTQKIDAASRLEKVCLIGVGFSTGYGSAVKVAKVTQGHTCAVFGLGGVGLSVIMGCKAAGAARIIGVDINKDVFAMAKEVGATECVNPTDQKKTIQEVLTEMSNGGVDFSFEVIGRLDTMKTALSCCGEQYGVSVIVGVPPDEQNLSMNPHLLLSGETFKGAIFSGFKSKDSVPKLVADFMAKKFALDPLITHVLPFEKIQEGFDLLRSGESIRTILTF,-3.2896,1,22
STAGKVIKCKAAVLWEEKKPFSIEEVEVAPPKAHEVRIKMVATGICRSDDHVVSGTLVTPLPVIAGHEAAGIVESIGEGVTTVRPGDKVIPLWTPQCGKCRVCKHPEGNFCLKNDLSMPRGTMQDGTSRFTCRGKPIHHFLGTSTFSQYTVVDEISVAKIDAASPLEKVCLIGCGFSTGYGSAVKVAKVTQGSTCAVFGLGGVGLSVIMGCKAAGAARIIGVDINKDKFAKAKEVGATECVNPQDYKKPIQEVLTEMSNGGVDFSFEVIGRLDTMVTALSCCQEAYGVSVIVGVPPDSQNLSMNPMLLLSGRTWKGAIFGGFKSKDSVPKLVADFMAKKFALDPLITHVLPFEKINEGFDLLRSGESIRTHLTF,-3.3167,1,1
STAGKVIKCKSAVLTEEKKPFSIEEVEVKPPKAHEVRIKMVATGICRSDDHVVSGTVVTPLPVIAGHEAAGIVESIGEGVTTVRPGDKVIPLWTPQCGKCRVCKHPEGNVCLKNDLSMPRGTEQDGTSRFTCRGKPIHHFLGTSTFSQYTVTDEISVAKIDAASPLEKVCLIGCGFSTGYGSAVKVAKVTQGSTCAVFGLGGVGLSVIMGCKAAGAARIIGVDINKDKFAKAKEYGATECFNPQDYKKQIQEVLTEMSRGGVDFSFEVIGRLDTMNTALSCCQKAYGVSVIVGVPPFFQNLHMNPMLLLSGRTWHGAIFGGFKFKDSVPKLVADFMAKKFALDPLITHVLPFEKINEGFDLLRSGESIRTILTF,-3.3304,1,14
STAGKVIKIKVAVLWEEKKPFSIEEVEVPPPKAHEVRIKMVATGICRSDDHVVSGTLVTPRPVIAGHEAAGIVESIGEGVTTVRPGDKVIPLWTPQCGKCRVCKHPEGNFCLKNDLSMPRGTDQDGTSRFTCRGKPIHHFLGTSTFSQYTVVDEISTQKIDAASRLEKVCLIGVGFSTGYGSAVKVAKVTQGHTCAVFGLGGVGLSVIMGCKAAGAARIIGVDINKDKFAMAKEVGATECVNPTDQKKTIQEVLTEMSNGGVDFSFEVIGRLDTMKTALSCCQEQYGVSVIVGVPPDSQNLSMNPMLLLSGRTFKGAIFGGFKSKDSVPKLVADFMAKKFALDPLITHVLPFEKIQEGFDLLRSGESIRTILTF,-3.4335,1,16
STAGKVIKCKAAVLWEEKKPFSIEEVEVAPPKAHEVRIKMVATGICRSDDHVVSGTLVTPLPVIAGHEAAGIVESIGEGVTTVRPGDKVIPLWTPQCGKCRVCKHPEGNFCLKNDLSDPRGTMQDGTSRFTCRGKPIHHFLGTSTFSQYTVVDEISVAKIDAASPLEKVCLIGCGFSTGYGSAVKVAKVTQGSTCAVFGLGGVGLSVIMGCKAAGAARIIGVDINKDKFAKAKEVGATECVNPQDYKKPIQEVLTEMSNGGVDFSFEVIGRLDTMVTALSCCQEAYGVSVIVGVPPDSQNLSMNPMLLLSGRTWKGAIFGGFKSKDSVPKLVADFMAKKFALDDLITHVLPFEKINEGFDLLRSGESIRTHLTF,-3.4675,1,2
GVGVKVIKCRSAVKIEEKKKMMISVKEVAAIKSHEPRLKIVAKYIYRSEHHVVSGTVVTPLPSIAGHEAAGIVESIGEGVTTVRPGDKVIPAWTPQPGKERVYNHPKGNSPLKPDLNIPADTMEDGTSRFIERGKPIHHFEYTGKFSQYPVYSHISVAKPIAMSPVEKPYLITAGFSTGYGSASYVAKVGQKSTCAIFGLGGVGLSVIMGCKAAGAARIIGVDINKDKFAKAKEYGAVECFNPQDFEKQTQEVLTEMSRGGVDLSFEVIGRLDTMNTALSMIQKAYGVSVMVGVPPFFENLHMNPMLLLSGRTWHGAIHGIEKDKDSVPKLVDDAMAKKFPLDELPTHELPFEKINEGFDLLQIGKSIRTNLTF,-3.6012,2,99
GRGHKVIKPYSAVKIEEKKKKMISRKEVAAIKSHEPRLKKVTKYIYRSIHHVVSGTVVTPLPSIAGHEAAGIVESIGEGVNPVRPGDKVIPAWTPQQGDEWVGGHPYGNSVLKPQLNIPADIMEDGTSRFIEDGKPIHAFEYTGKFSQYPVYSHISVAFPIQESPDEKPYLITAGFSTGYGSASYVSKVGQKSTLAIFGLGGVGLSVIMGCKAAGAARIIGVDINKDKFAKAKEYGAVECFNAQDNEKQTQEVLTEMSRGGVDLSFEVIGRLDTMNTALSMIQKAYGVSVMVGVPPFKENNHMNPMLLLSGRTWHGNWGGIEKDKDSVPKLVDDAMAKKFPLDALPTHELPFEKINEGFGLLQIGKSIRTNLTS,-3.6514,1,135
STAGKVIKIKAAVLWEEKKPFSIEEVEVAPPKAHEVRIKMVATGICRSDDHVVSGTLVTPRPVIAGHEAAGIVESIGEGVTTVRPGDKVIPLWTPQCGKCRVCKHPEGNFCLKNDLSMPRGTMQDGTSRFTCRGKPIHHFLGTSTFSQYTVVDEISVQKIDAASPLEKVCLIGCGFSTGYGSAVKVAKVTQGSTCAVFGLGGVGLSVIMGCKAAGAARIIGVDINKDKFATAKEVGATECVNPQDYKKTIQEVLTEMSNGGVDFSFEVIGRLDTMKTALSCCQEAYGVSVIVGVPPDSQNLSMNPMLLLSGRTWKGAIFGGFKSKDSVPKLVADFMAKKFALDPLITHVLPFEKINEGFDLLRSGESIRTILTF,-3.7381,1,4
STAGKVPKIKVAVLWEEKKPFSIEEVEVPPPKAHEVRIKMVATGICRSDDHVVSGTLVTPRPVIAGHEAAGIVESIGEGVTTVRPGDKVIPLWTPQCGKCRVCKHPEGNFCLKNDLSMPRGTDQDGTSRFTCRGKPIHHFLGTSTFSQYTVVDEISTQKIDAASRLEKVCLIGVGFSTGYGSAVKVAKVTQGHTCAVFGLGGVGLSVIMGCKAAGAARIIGVDINKDVFAMAKEVGATECVNPTDQKKTIQEVLTEMSNGGVDFSFEVIGRLDTMKTALSCCGEQYGVSVIVGVPPDEQNLSMNPHLLLSGETFKGAIFSGFKSKDSVPKLVADFMAKKFALDPLITHVLPFEKIQEGFDLLRSGESIRTILTF,-3.7437,1,21
STAGKVIKIKAAVLWEEKKPFSIEEVEVAPPKAHEVRIKMVATGICRSDDHVVSGTLVTPRPVIAGHEAAGIVESIGEGVTTVRPGDKVIPLWTPQCGKCRVCKHPEGNFCLKNDLSMPRGTMQDGTSRFTCRGKPIHHFLGTSTFSQYTVVDEISVQKIDAASPLEKVCLIGCGFSTGYGSAVKVAKVTQGSTCAVFGLGGVGLSVIMGCKAAGAARIIGVDINKDKFATAKEVGATECVNPQDQKKTIQEVLTEMSNGGVDFSFEVIGRLDTMKTALSCCQEQYGVSVIVGVPPDSQNLSMNPMLLLSGRTWKGAIFGGFKSKDSVPKLVADFMAKKFALDPLITHVLPFEKINEGFDLLRSGESIRTILTF,-3.754,2,5
STAGKVIKIKVAVLWEEKKPFSIEEVEVPPPKAHEVRIKMVATGICRSDDHVVSGTLVTPRPVIAGHEAAGIVESIGEGVTTVRPGDKVIPLWTPQCGKCRVCKHPEGNFCLKNDLSMPRGTDQDGTSRFTCRGKPIHHFLGTSTFSQYTVVDEISTQKIDAASRLEKVCLIGVGFSTGYGSAVKVAKVTQGHTCAVFGLGGVGLSVIMGCKAAGAARIIGVDINKDKFAMAKEVGATECVNPTDQKKTIQEVLTEMSNGGVDFSFEVIGRLDTMKTALSCCQEQYGVSVIVGVPPDSQNLSMNPHLLLSGETFKGAIFGGFKSKDSVPKLVADFMAKKFALDPLITHVLPFEKIQEGFDLLRSGESIRTILTF,-3.9006,1,18
STALKVIKCKAAVLWEEKKPFSIEEVEVAPPKAHEVRIKMVATGICRSDIHVVSGTLVTPLPVIAGHEAAGIVESIGEGVTTVRPGDKVIPLWTPQCGKCRVCKHPEGNTCLKNDLSMPRGTMQDGTSRFTCRGKPIHHFGGTSTFSQYTVVDEISVAKIDAASPLEKVCLIGCGFSTGYGSAVKVACVTQGSTCAVFGMGGVGLSVIMGAKAAGAARIIGVDINKDKFAKAKEVGATECVNPQDYDKPIQEVLTEMSNGGVDFSFEVIGRLDTMVTALSCCQEAYGVSVIVGVPPDSQWLGMNPVLLLVGRTWKGAIFGGFKSKDSVPKLVADFMAKKFAADPLIHHVLPFEKINEGFDLIRSGESIVTILTF,-3.9543,1,14
STAGKVIKIKAAVLWEEKKPFSIEEVEVAPPKAHEVRIKMVATGICRSDDHVVSGTLVTPRPVIAGHEAAGIVESIGEGVTTVRPGDKVIPLWTPQCGKCRVCKHPEGNFCLKNDLSMPRGTDQDGTSRFTCRGKPIHHFLGTSTFSQYTVVDEISVQKIDAASRLEKVCLIGCGFSTGYGSAVKVAKVTQGHTCAVFGLGGVGLSVIMGCKAAGAARIIGVDINKDKFATAKEVGATECVNPRDQKKTIQEVLTEMSNGGVDFSFEVIGRLDTMKTALSCCQEQYGVSVIVGVPPDSQNLSMNPMLLLSGRTWKGAIFGGFKSKDSVPKLVADFMAKKFALDPLITHVLPFEKINEGFDLLRSGESIRTILTF,-3.9661,1,8
STACGVKKIKVAVLHYEKKPFSIEEVEVPPPKAHKVRIKMVATGICTSDTHVVSGTLETPRPFIANHEIAGIVESIGEGVTTVRPGDQVIPLWTPLCAKCRVCLEPEGNFCLKNDLSMPRGTDQDITSRFTCRNCPIHHFLGTSTFSQYTLVDEISLVKIDAASRLEKVCLIGQGFSTGYGSAVKVAKVTQGHTCAVFGRGGVGLSVIMGCKAAGAARIIGVDINKDVMAMAKEVGATECVGPKDQKKKIQEVLLEMSNGGNDFSFEVIGRLDTMKTALSCCGEQYGVSVIVGVPPDEQPLFMNPLLTLSGECFKGAIFSGFKSKDSVPELVADFMAKKFALDPLITHVLPFEKIQEGFDLLRSGESIRSILTF,-4.0257,1,57
STACGVKKIKVAVLHYEKKPFSIEEVEVPPPKAHKVRIKMVATGICTSDTHVVSGTLETPRPFIANHEIAGIVESIGEGVTTVRPGDQVIPLWTPLCAKCRVCLEPEGNFCLKNDLSMPRGTDQDITSRFTCRNCPIHHFLGTSTFSQYTLVDEISLQKIDAASRLEKVCLIGQGFSTGYGSAVKVAKVTQGHTCAVFGRGGVGLSVIMGCKAAGAARIIGVDINKDVMAMAKEVGATECVGPKDQKKKIQEVLLEMSNGGNDFSFEVIGRLDTMKTALSCCGEQYGVSVIVGVPPDEQPLFMNPLLTLSGECFKGAIFSGFKSKDSVPELVADFMAKKFALDPLITHVLPFEKIQEGFDLLRSGESIRSILTF,-4.1627,1,56
STAGKVIKIKVAVLWEEKKPFSIEEVEVPPPKAHEVRIKMVATGICRSDDHVVSGTLVTPRPVIAGHEAAGIVESIGEGVTTVRPGDKVIPLWTPQCGKCRVCKHPEGNFCLKNDLSMPRGTDQDGTSRFTCRGKPIHHFLGTSTFSQYTVVDEISTQKIDAASRLEKVCLIGVGFSTGYGSAVKVAKVTQGHTCAVFGLGGVGLSVIMGCKAAGAARIIGVDINKDKFAMAKEVGATECVNPRDQKKTIQEVLTEMSNGGVDFSFEVIGRLDTMKTALSCCQEQYGVSVIVGVPPDSQNLSMNPMLLLSGRTFKGAIFGGFKSKDSVPKLVADFMAKKFALDPLITHVLPFEKIQEGFDLLRSGESIRTILTF,-4.2194,1,15
STAGKVIKCKSAVLTEEKKPFSIEEVEVKPPKAHEVRIKMVATGICRSDDHVVSGTVVTPLPVIAGHEAAGIVESIGEGVTTVRPGDKVIPCWTPQCGKCRVCKHPEGNVCLKNDLNIPRYTEQDGTSRFTCRGKPIHHFLGTSTFSQYTVCDEISVAKIDAASPPEKVCLIGCGFSTGYGSAVKVAKVTQGSTCAVFGLGGVGLSVIMGCKAAGAARIIGVDINKDKFAKAKEYGATECFNPQDYKKQTQEVLTEMSRGGVDLSFEVIGRLDTMNTALSCIQKAYGVSVIVGVPPFFQNLHMNPMLLLSGRTWHGAIHGGEKFKDSVPKLVADFMAKKFALDPLITHVLPFEKINEGFDLLRSGESIRTILTF,-4.2568,1,20
STAGKVIKCKSAVLTEEKKPFSIEEVEVKPPKAHEVRIKMVATGICRSDDHVVSGTVVTPLPVIAGHEAAGIVESIGEGVTTVRPGDKVIPCWTPQCGKCRVCKHPEGNVCLKNDLNIPRYTEQDGTSRFTCRGKPIHHFLGTSTFSQYTVCDEISVAKIDAASPPEKVCLIGCGFSTGYGSAVKVAKVTQGSTCAVFGLGGVGLSVIMGCKAAGAARIIGVDINKDKFAKAKEYGATECFNPQDYKKQTQEVLTEMSRGGVDFSFEVIGRLDTMNTALSCCQKAYGVSVIVGVPPFFQNLHMNPMLLLSGRTWHGAIHGGEKFKDSVPKLVADFMAKKFALDPLITHVLPFEKINEGFDLLRSGESIRTILTF,-4.3036,1,19
GVGVKVIKCRSAVKIEEKKKMMISVKEVAAIKSHEPRLKIVAKYIYRSEHHVVSGTVVTPLPSIAGHEAAGIVESIGEGVTTVRPGDKVIPAWTPQPGKERVYNHPKGNSPLKPDLNIPADTMEDGTSRFIERGKPIHHFEYTGKFSQYPVYSHISVAKPIAMSPVEKPYLITAGFSTGYGSASYVAKVGQKSTCAIFGLGGVGLSVIMGCKAAGAARIIGVDINKDKFAKAKEYGAVECFNPQDFEKQTQEVLTEMSRGGVDLSFEVIGRLDTMNTALSMIQKAYGVSVMVGVPPFFENLHMNPMLLLSGRTWHGAWHGIEKDKDSVPKLVDDAMAKKFPLDELPTHELPFEKINEGFDLLQIGKSIRTNLTF,-4.3564,1,101
GVGVKNIKCRSAVKIEEKKKMMISVKEVAAIKSHEPRLKIVAKYIYRSEHHVVSGTVVTPLPSIAGHEAAGIVESIGEGVTTVRPGDKVIPAWTPQPGKERVYNHPKGNSVLKPDLNIPADTMEDGTSRFIERGKPIHHFEYTGKFSQYPVYSHISVAKPIAMSPVEKPYLITAGFSTGYGSASYVAKVGQKSTCAIFGLGGVGLSVIMGCKAAGAARIIGVDINKDKFAKAKEYGAVECFNPQDFEKQTQEVLTEMSRGGVDLSFEVIGRLDTMNTALSMIQKAYGVSVMVGVPPFFENLHMNPMLLLSGRTWHGAWHGIEKDKDSVPKLVDDAMAKKFPLDELPTHELPFEKINEGFDLLQIGKSIRTNLTF,-4.3564,1,102
STAGKVIKCKSAVLTEEKKPFSIEEVEVKPPKSHEVRIKMVATGICRSDDHVVSGTVVTPLPVIAGHEAAGIVESIGEGVTTVRPGDKVIPCWTPQCGKCRVCKHPEGNVCLKNDLNIPRYTMQDGTSRFTCRGKPIHHFEGTSTFSQYTVCDEISVAKIDAASPPEKVCLIGCGFSTGYGSAVKVAKVTQGSTCAVFGLGGVGLSVIMGCKAAGAARIIGVDINKDKFAKAKEYGATECFNPQDYKKQTQEVLTEMSRGGVDLSFEVIGRLDTMNTALSCIQKAYGVSVIVGVPPFFQNLHMNPMLLLSGRTWHGAIHGGEKFKDSVPKLVADFMAKKFALDPLITHVLPFEKINEGFDLLRSGESIRTILTF,-4.3717,2,22
STAGKVIKCKSAVLTEEKKPFSIEEVEVKPPKSHEVRIKMVATGICRSDDHVVSGTVVTPLPVIAGHEAAGIVESIGEGVTTVRPGDKVIPCWTPQCGKCRVCKHPEGNVCLKNDLNIPRYTMQDGTSRFTCRGKPIHHFLGTSTFSQYTVCDEISVAKIDAASPPEKVCLIGCGFSTGYGSAVKVAKVTQGSTCAVFGLGGVGLSVIMGCKAAGAARIIGVDINKDKFAKAKEYGATECFNPQDYKKQTQEVLTEMSRGGVDLSFEVIGRLDTMNTALSCIQKAYGVSVIVGVPPFFQNLHMNPMLLLSGRTWHGAIHGGEKFKDSVPKLVADFMAKKFALDPLITHVLPFEKINEGFDLLRSGESIRTILTF,-4.3783,1,21
STAGKVIKCKAAVLWEEKKPFSIEEVEVAPPKAHEVRIKMVATGICRSDIHVVSGTLVTPLPVIAGHEAAGIVESIGEGVTTVRPGDKVIPLWTPQCGKCRVCKHPEGNFCLKNDLSMPRGTMQDGTSRFTCRGKPIHHFLGTSTFSQYTVVDEISVAKIDAASPLEKVCLIGCGFSTGYGSAVKVACVTQGSTCAVFGMGGVGLSVIMGCKAAGAARIIGVDINKDKFAKAKEVGATECVNPQDYDKPIQEVLTEMSNGGVDFSFEVIGRLDTMVTALSCCQEAYGVSVIVGVPPDSQNLGMNPMLLLSGRTWKGAIFGGFKSKDSVPKLVADFMAKKFAADPLITHVLPFEKINEGFDLLRSGESIVTILTF,-4.4284,1,7
STAGKVIKCKSAVLTEEKKPFSIEEVEVKPPKSHEVRIKMVATGICRSDDHVVSGTVVTPLPVIAGHEAAGIVESIGEGVTTVRPGDKVIPCWTPQCGKCRVCKHPEGNVCLKNDLNIPRYTMQDGTSRFTCRGKPIHHFEGTSTFSQYTVCDEISVAKIDAASPPEKVCLIGCGFSTGYGSAVKVAKVTQKSTCAVFGLGGVGLSVIMGCKAAGAARIIGVDINKDKFAKAKEYGATECFNPQDYKKQTQEVLTEMSRGGVDLSFEVIGRLDTMNTALSCIQKAYGVSVIVGVPPFFQNLHMNPMLLLSGRTWHGAIHGGEKFKDSVPKLVADFMAKKFALDPLITHVLPFEKINEGFDLLRSGESIRTILTF,-4.4545,1,24
STAGKVPKIKVAVLWTEKKPFSIEEVEVPPPKAHEVRIKMVATGICRSDDHVVSGTLETPRPVIANHEFAGIVESIGEGVTTVRPGDKVIPLWTPLCGKCRVCKHPEGNFCLKNDLSMPRGTDQDCTSRFTCRNKPIHHFLGTSTFSQYTLVDEISTQKIDAASRLEKVCLIGQGFSTGYGSAVKVAKVTQGHTCAVFGLGGVGLSVIMGCKAAGAARIIGVDINKDVFAMAKEVGATECVNPTDQKKKIQEVLTEMSNGGVDFSFEVIGRLDTMKTALSCCGEQYGVSVIVGVPPDEQNLSMNPHLLLSGETFKGAIFSGFKSKDSVPELVADFMAKKFALDPLITHVLPFEKIQEGFDLLRSGESIRTILTF,-4.5108,1,28
STAGKVPKIKVAVLHTEKKPFSIEEVEVPPPKAHEVRIKMVATGICRSDTHVVSGTLETPRPVIANHEFAGIVESIGEGVTTVRPGDQVIPLWTPLCAKCRVCLHPEGNFCLKNDLSMPRGTDQDITSRFTCRNCPIHHFLGTSTFSQYTLVDEISLQKIDAASRLEKVCLIGQGFSTGYGSAVKVAKVTQGHTCAVFGLGGVGLSVIMGCKAAGAARIIGVDINKDVFAMAKEVGATECVNPKDQKKKIQEVLLEMSNGGNDFSFEVIGRLDTMKTALSCCGEQYGVSVIVGVPPDEQPLSMNPHLLLSGETFKGAIFSGFKSKDSVPELVADFMAKKFALDPLITHVLPFEKIQEGFDLLRSGESIRSILTF,-4.6145,1,40
STACGVKKIKVAVLHYEKKPFSIEEVEVPPPKAHKVRIKMVATGICTSDTHVVSGTLETPRPFIANHEIAGIVESIGEGVTTVRPGDQVIPLWTPLCAKCRVCLEPEGNFGLKNDLSMPRGTDQDITSRFTCRNCPIHHFLGTSTFSQYTLVDEISLVKIDAASRLEKVCLIGQGFSTGYGSAVKVAKVTQGHTCAVFGRGGVGLSVIMGCKAAGAARIIGVDINKDVMAMAKEVGATECVGPKDQKKKIQEVLLEMSNGGNDFSFEVIGRLDTMKTALSCCGEQYGVSVIVGVPPDEQPLFMNPLLTLSGECFKGAIFSGFKSKDSVPELVADFMAKKFALDPLITHVLPFEKIQEGFDLLRSGESIRSILTF,-4.6172,1,58
STAGKVPKIKVAVLHTEKKPFSIEEVEVPPPKAHEVRIKMVATGICRSDTHVVSGTLETPRPVIANHEFAGIVESIGEGVTTVRPGDQVIPLWTPLCAKCRVCLHPEGNFCLKNDLSMPRGTDQDITSRFTCRNCPIHHFLGTSTFSQYTLVDEISLQKIDAASRLEKVCLIGQGFSTGYGSAVKVAKVTQGHTCAVFGLGGVGLSVIMGCKAAGAARIIGVDINKDVFAMAKEVGATECVNPKDQKKKIQEVLTEMSNGGNDFSFEVIGRLDTMKTALSCCGEQYGVSVIVGVPPDEQPLSMNPHLLLSGETFKGAIFSGFKSKDSVPELVADFMAKKFALDPLITHVLPFEKIQEGFDLLRSGESIRSILTF,-4.6182,2,38
STAGKVIKIKVAVLWEEKKPFSIEEVEVPPPKAHEVRIKMVATGICRSDDHVVSGTLVTPRPVIAGHEAAGIVESIGEGVTTVRPGDKVIPLWTPQCGKCRVCKHPEGNFCLKNDLSMPRGTDQDGTSRFTCRGKPIHHFLGTSTFSQYTVVDEISTQKIDAASRLEKVCLIGCGFSTGYGSAVKVAKVTQGHTCAVFGLGGVGLSVIMGCKAAGAARIIGVDINKDKFAMAKEVGATECVNPRDQKKTIQEVLTEMSNGGVDFSFEVIGRLDTMKTALSCCQEQYGVSVIVGVPPDSQNLSMNPMLLLSGRTFKGAIFGGFKAKDSVPKLVADFMAKKFALDPLITHVLPFEKIQEGFDLLRSGESIRTILTF,-4.666,1,14
STAGKVIKCKAAVLWEEKKPFSIEEVEVAPPKAHEVRIKMVATGICRSDDHVVSGTLVTPLPVIAGHEAAGIVESIGEGVTTVRPGDKVIPLWTPQCGKCRVCKHPEGNFCLKNDLSDPRGTMQDGTSRFTCRGKPIHHFLGTSTFSQYTVVDEISVAKIDAASPLEKVCLEGCGFSTGYGSAVKVAKVTQGSTCAVFGLGGVGLSVIMGCKAAGAARIIGVDINKDKFAKAKEVGATECVNPQDYKKPIQEVLTEMSNGGVDFSFEVIGRLDTMVTALSCCQEAYGVSVIVGVPPDSQNLSMNPMLLLSGRTWKGAIFGGFKSKDSVPKLVADFMAKKFALDDLITHVLPFEKINEGFDLLRSGESIRTHLTF,-4.724,1,3
GRGHKVIKPYSAVKIEEKKKKMISRKEVAAIKSHEPRLKKVTKYIYRSIHHVVSGTVVTPLPSIAGHEAAGIVESIGEGVNPVRPGDKVIPAWTPQQGDEWVGGHPYGNSVLKPQLNIPADIMEDGTSRFIEDGKPIHAFEYTGKFSQYPVYSHISVAFPIQESPDEKPYLITAGFSTGYGSASYVSKVGQKSTLAIFGLGGVGLSVIMGCKAAGAARIIGVDINKDKFAKAKEYGAVECFNAQDNEKQTQEVLTEMSRGGVDLSFEVIGRLDTMNTALSMIQKAYGVSVMVGVPPFKENNHMNPMLLLSGRTWHGNWGGIEKDKDSVPKLVDDAMAKKFPLDALPTHELPFEKINEGFDLLQIGKSIRTNLTS,-4.7837,1,134
GVGVKYIKCRSAVKIEEKKKMMISVKEVAAIKSHEPRLKIVAKYIYRSEHHVVSGTVVTPLPSIAGHEAAGIVESIGEGVTTVRPGDKVIPAWTPQPGKERVYNHPKGNSVLKPDLNIPADTMEDGTSRFIEDGKPIHHFEYTGKFSQYPVYSHISVAKPIAMSPVEKPYLITAGFSTGYGSASYVAKVGQKSTCAIFGLGGVGLSVIMGCKAAGAARIIGVDINKDKFAKAKEYGAVECFNPQDFEKQTQEVLTEMSRGGVDLSFEVIGRLDTMNTALSMIQKAYGVSVMVGVPPFFENLHMNPMLLLSGRTWHGNWHGIEKDKDSVPKLVDDAMAKKFPLDALPTHELPFEKINEGFDLLQIGKSIRTNLTF,-4.8017,1,106
STAGKVPKIKVAVLHTEKKPFSIEEVEVPPPKAHKVRIKMVATGICRSDTHVVSGTLETPRPVIANHEFAGIVESIGEGVTTVRPGDQVIPLWTPLCAKCRVCLHPEGNFCLKNDLSMPRGTDQDITSRFTCRNCPIHHFLGTSTFSQYTLVDEISLQKIDAASRLEKVCLIGQGFSTGYGSAVKVAKVTQGHTCAVFGRGGVGLSVIMGCKAAGAARIIGVDINKDVFAMAKEVGATECVNPKDQKKKIQEVLLEMSNGGNDFSFEVIGRLDTMKTALSCCGEQYGVSVIVGVPPDEQPLSMNPHLLLSGETFKGAIFSGFKSKDSVPELVADFMAKKFALDPLITHVLPFEKIQEGFDLLRSGESIRSILTF,-4.8259,1,41
STAGKVKKIKVAVLHTEKKPFSIEEVEVPPPKAHKVRIKMVATGICTSDTHVVSGTLETPRPVIANHEFAGIVESIGEGVTTVRPGDQVIPLWTPLCAKCRVCLHPEGNFCLKNDLSMPRGTDQDITSRFTCRNCPIHHFLGTSTFSQYTLVDEISLQKIDAASRLEKVCLIGQGFSTGYGSAVKVAKVTQGHTCAVFGRGGVGLSVIMGCKAAGAARIIGVDINKDVFAMAKEVGATECVNPKDQKKKIQEVLLEMSNGGNDFSFEVIGRLDTMKTALSCCGEQYGVSVIVGVPPDEQPLSMNPHLLLSGECFKGAIFSGFKSKDSVPELVADFMAKKFALDPLITHVLPFEKIQEGFDLLRSGESIRSILTF,-4.8694,3,43
STAGKVPKIKVAVLHTEKKPFSIEEVEVPPPKAHKVRIKMVATGICTSDTHVVSGTLETPRPVIANHEFAGIVESIGEGVTTVRPGDQVIPLWTPLCAKCRVCLHPEGNFCLKNDLSMPRGTDQDITSRFTCRNCPIHHFLGTSTFSQYTLVDEISLQKIDAASRLEKVCLIGQGFSTGYGSAVKVAKVTQGHTCAVFGRGGVGLSVIMGCKAAGAARIIGVDINKDVFAMAKEVGATECVNPKDQKKKIQEVLLEMSNGGNDFSFEVIGRLDTMKTALSCCGEQYGVSVIVGVPPDEQPLSMNPHLLLSGETFKGAIFSGFKSKDSVPELVADFMAKKFALDPLITHVLPFEKIQEGFDLLRSGESIRSILTF,-4.8694,1,42
GRGHKVIKPYSAVKIEEKKKKRISRVEVAAIKSHEPRLKKVTKYIYRSIHHVVSGTVVTPLPSIAGHEAAGIVESIGEGVNPVRPGDKVIPAWTPQQGDEWVGGHPYGNSVLYPQLNIPADIMEDGTSRFIEDGKPIHAFEYTGKFSQYPVYSHISVAFPIQWSPDEKPYLITAGFSTGYGSASYVSKVGQKSTLAIFGLGGVGLSVIMGCKAAGAARIIGVDINKDKFAKAKEYGAVECINAQDNEKQTQEVLTEMSRGGVDLSFEVIGRLDTMNTALSMIQKAYGVSVMVGVPPFKENNHMNPMLLLDGRWWHTNWGGIEKDKDSVPKLVDDAMAKKFPLDALPFHELPFEKINEGFGLLQIGKSIRTNLTS,-4.9192,1,141
GVGVKYIKCRSAVKIEEKKKMMISVKEVAAIKSHEPRLKIVAKYIYRSEHHVVSGTVVTPLPSIAGHEAAGIVESIGEGVTTVRPGDKVIPAWTPQPGKERVYNHPKGNSVLKPDLNIPADTMEDGTSRFIERGKPIHHFEYTGKFSQYPVYSHISVAKPIAMSPVEKPYLITAGFSTGYGSASYVAKVGQKSTCAIFGLGGVGLSVIMGCKAAGAARIIGVDINKDKFAKAKEYGAVECFNPQDFEKQTQEVLTEMSRGGVDLSFEVIGRLDTMNTALSMIQKAYGVSVMVGVPPFFENLHMNPMLLLSGRTWHGAWHGIEKDKDSVPKLVDDAMAKKFPLDALPTHELPFEKINEGFDLLQIGKSIRTNLTF,-5.0058,1,104
STAGKVIKCKSAVLTEEKKPFSIEEVEVKPPKAHEVRIKMVATGICRSDDHVVSGTVVTPLPVIAGHEAAGIVESIGEGVTTVRPGDKVIPLWTPQCGKCRVCKHPEGNVCLKNDLNIPRYTEQDGTSRFTCRGKPIHHFLGTSTFSQYTVCDEISVAKIDAASPPEKVCLIGCGFSTGYGSAVKVAKVTQGSTCAVFGLGGVGLSVIMGCKAAGAARIIGVDINKDKFAKAKEYGATECFNPQDYKKQTQEVLTEMSRGGVDFSFEVIGRLDTMNTALSCCQKAYGVSVIVGVPPFFQNLHMNPMLLLSGRTWHGAIHGGEKFKDSVPKLVADFMAKKFALDPLITHVLPFEKINEGFDLLRSGESIRTILTF,-5.0322,1,18
GVGVKYIKCRSAVKIEEKKKMMISVKEVAAIKSHEPRLKDVRKYIYRSAHHVVSGTVVTPLPSIAGHEAAGIVESIGEGVTTVRPGDKVIPAWTPQPGKERVYNHPKGNSVLKPQLNIPADIMEDGTSRFIEDGKPIHAFEYTGKFSQYPVYSHISVAKPIAMSPDEKPYLITAGFSTGYGSASYVAKVGQKSTCAIFGLGGVGLSVIMGCKAAGAARIIGVDINKDKFAKAKEYGAVECFNPQDFEKQTQEVLTEMSRGGVDLSFEVIGRLDTMNTALSMIQKAYGVSVMVGVPPFFENNHMNPMLLLSGRTWHGNWHGIEKDKDSVPKLVDDAMAKKFPLDALPTHELPFEKINEGFDLLQIGKSIRTNLTF,-5.1044,2,113
GRGHKVIKPYSAVKIEEKKKKRISRVEVAAIKSHEPRLKKVTKYIYRSIHHVVSGTVVTPLPSIAGHEAAGIVESIGEGVNPVRPGDKVIPAWTPQQGDEWVGGHPYGNSVLYPQLNIPADIMEDGTSRFIEDGKPIHAFEYTGKFSQYPVYSHISVAFPIQWSPDEKPYLITAGFSTGYGSASYVSKVGQKSTLAIFGLGGVGLSVIMGCKAAGAARIIGVDINKDKFAKAKEYGAVECINAQDNEKQTQEVLTEMSRGGVDLSFEVIGRLDTMNTALSMIQKAYGVSVMVGVPPFKENNHMNPMLLLDGRWWHTNWGGIEKDKDSVPKLVDDAMAKKFPLDALPFHELPFEKINEGFGLLQIGKSIYTNLTS,-5.1169,1,142
STACGVKKIKVAVLHYEKKPFSIEEVEVPPPKAHKVRIKMVATGICTSDTHVHSGTLETPRPFIANHEIAGIVESIGEGVTTVRPGDQVIPLWTPLCAKCRVCLEPEGNFGLKNDLSMPRGTDQDITSRFTCRNCPIHHFLGTSTFSQYTLVDEISLVKIDAASRLEKVCLIGQGFSTGYGSAVKVAKVTQGHTCAVFGRGGVGLSVIMGCKAAGAARIIGVDINKDVMAMAKEVGATECVGPKDQKKKIQEVLLEMSNGGNDFSFEVIGRLDTMKTALSCCGEQYGVSVIVGVPPDEQPLFMNPLLTLSGECFKGAIFSGFKSKDSVPELVADFMAKKFALDPLITHVLPFEKIQEGFDLLRSGESIRSILTF,-5.1177,1,59
